{"has_storage": true, "storage_rate": 0.2, "storage_size": 10.0, "max_energy_flow": 2.0, "max_soc": 10.0, "min_soc": 1.0, "bilateral_price": 38.0, "bilateral_max": 5.0, "node_id": 33, "load_kw": 4.0, "gen_kw": 1.0, "scenarios": {"Scenario-demand0_spot7": {"prob": 0.3539094650205762, "demand_data": [0.2974, 0.4461, 0.5502, 0.461, 0.4015, 0.3717, 0.3271, 0.3271, 0.4015, 0.4312, 0.4461, 0.4907, 0.4164, 0.1636, 0.2231, 0.2231, 0.1338, 0.0297, 0.1041, 0.2082, 0.1784, 0.119, 0.119, 0.0, 0.0149, 0.0892, 0.1636, 0.8625, 0.5948, 0.1192, -0.0442, -0.1332, -0.1628, -0.3005, -0.3936, -0.2785, -0.223, -0.1322, -0.2793, -0.3224, -0.3208, -0.3674, -0.4437, 3.0487, 2.1545, 2.0722, 2.1535, 0.8518, -0.4796, -0.4045, -0.374, -0.2096, -0.0602, 0.0243, -0.0102, 0.0297, 0.2183, 0.2666, 0.2256, 0.3928, 0.5898, 0.5725, 0.5997, 0.6865, 0.6394, 0.7286, 0.6691, 0.9071, 0.9219, 0.8773, 1.2342, 0.7584, 1.145, 0.9071, 1.1152, 1.4126, 1.3383, 1.3234, 2.0223, 1.2937, 1.5167, 1.3234, 1.2342, 1.1301, 1.5762, 1.4721, 1.1747, 1.3532, 1.3234, 1.0855, 1.026, 0.9814, 0.9814, 0.5799, 1.1599, 0.8178], "spot_price_data": [27.95, 27.95, 27.95, 27.95, 27.9, 27.9, 27.9, 27.9, 27.99, 27.99, 27.99, 27.99, 28.87, 28.87, 28.87, 28.87, 31.9, 31.9, 31.9, 31.9, 42.55, 42.55, 42.55, 42.55, 48.37, 48.37, 48.37, 48.37, 50.31, 50.31, 50.31, 50.31, 50.08, 50.08, 50.08, 50.08, 47.27, 47.27, 47.27, 47.27, 44.14, 44.14, 44.14, 44.14, 38.81, 38.81, 38.81, 38.81, 35.72, 35.72, 35.72, 35.72, 34.46, 34.46, 34.46, 34.46, 33.94, 33.94, 33.94, 33.94, 36.79, 36.79, 36.79, 36.79, 44.8, 44.8, 44.8, 44.8, 46.54, 46.54, 46.54, 46.54, 48.36, 48.36, 48.36, 48.36, 47.49, 47.49, 47.49, 47.49, 35.14, 35.14, 35.14, 35.14, 34.0, 34.0, 34.0, 34.0, 30.07, 30.07, 30.07, 30.07, 26.5, 26.5, 26.5, 26.5]}, "Scenario-demand0_spot6": {"prob": 0.05898491083676269, "demand_data": [0.2974, 0.4461, 0.5502, 0.461, 0.4015, 0.3717, 0.3271, 0.3271, 0.4015, 0.4312, 0.4461, 0.4907, 0.4164, 0.1636, 0.2231, 0.2231, 0.1338, 0.0297, 0.1041, 0.2082, 0.1784, 0.119, 0.119, 0.0, 0.0149, 0.0892, 0.1636, 0.8625, 0.5948, 0.1192, -0.0442, -0.1332, -0.1628, -0.3005, -0.3936, -0.2785, -0.223, -0.1322, -0.2793, -0.3224, -0.3208, -0.3674, -0.4437, 3.0487, 2.1545, 2.0722, 2.1535, 0.8518, -0.4796, -0.4045, -0.374, -0.2096, -0.0602, 0.0243, -0.0102, 0.0297, 0.2183, 0.2666, 0.2256, 0.3928, 0.5898, 0.5725, 0.5997, 0.6865, 0.6394, 0.7286, 0.6691, 0.9071, 0.9219, 0.8773, 1.2342, 0.7584, 1.145, 0.9071, 1.1152, 1.4126, 1.3383, 1.3234, 2.0223, 1.2937, 1.5167, 1.3234, 1.2342, 1.1301, 1.5762, 1.4721, 1.1747, 1.3532, 1.3234, 1.0855, 1.026, 0.9814, 0.9814, 0.5799, 1.1599, 0.8178], "spot_price_data": [32.92, 32.92, 32.92, 32.92, 31.8, 31.8, 31.8, 31.8, 31.55, 31.55, 31.55, 31.55, 32.12, 32.12, 32.12, 32.12, 34.9, 34.9, 34.9, 34.9, 46.21, 46.21, 46.21, 46.21, 50.29, 50.29, 50.29, 50.29, 51.51, 51.51, 51.51, 51.51, 50.38, 50.38, 50.38, 50.38, 48.69, 48.69, 48.69, 48.69, 46.32, 46.32, 46.32, 46.32, 42.4, 42.4, 42.4, 42.4, 37.93, 37.93, 37.93, 37.93, 36.8, 36.8, 36.8, 36.8, 36.47, 36.47, 36.47, 36.47, 35.35, 35.35, 35.35, 35.35, 41.22, 41.22, 41.22, 41.22, 45.0, 45.0, 45.0, 45.0, 39.0, 39.0, 39.0, 39.0, 36.59, 36.59, 36.59, 36.59, 33.14, 33.14, 33.14, 33.14, 30.61, 30.61, 30.61, 30.61, 30.29, 30.29, 30.29, 30.29, 29.05, 29.05, 29.05, 29.05]}, "Scenario-demand0_spot4": {"prob": 0.11796982167352538, "demand_data": [0.2974, 0.4461, 0.5502, 0.461, 0.4015, 0.3717, 0.3271, 0.3271, 0.4015, 0.4312, 0.4461, 0.4907, 0.4164, 0.1636, 0.2231, 0.2231, 0.1338, 0.0297, 0.1041, 0.2082, 0.1784, 0.119, 0.119, 0.0, 0.0149, 0.0892, 0.1636, 0.8625, 0.5948, 0.1192, -0.0442, -0.1332, -0.1628, -0.3005, -0.3936, -0.2785, -0.223, -0.1322, -0.2793, -0.3224, -0.3208, -0.3674, -0.4437, 3.0487, 2.1545, 2.0722, 2.1535, 0.8518, -0.4796, -0.4045, -0.374, -0.2096, -0.0602, 0.0243, -0.0102, 0.0297, 0.2183, 0.2666, 0.2256, 0.3928, 0.5898, 0.5725, 0.5997, 0.6865, 0.6394, 0.7286, 0.6691, 0.9071, 0.9219, 0.8773, 1.2342, 0.7584, 1.145, 0.9071, 1.1152, 1.4126, 1.3383, 1.3234, 2.0223, 1.2937, 1.5167, 1.3234, 1.2342, 1.1301, 1.5762, 1.4721, 1.1747, 1.3532, 1.3234, 1.0855, 1.026, 0.9814, 0.9814, 0.5799, 1.1599, 0.8178], "spot_price_data": [35.44, 35.44, 35.44, 35.44, 35.24, 35.24, 35.24, 35.24, 35.43, 35.43, 35.43, 35.43, 36.33, 36.33, 36.33, 36.33, 38.95, 38.95, 38.95, 38.95, 55.98, 55.98, 55.98, 55.98, 65.17, 65.17, 65.17, 65.17, 65.19, 65.19, 65.19, 65.19, 53.04, 53.04, 53.04, 53.04, 52.95, 52.95, 52.95, 52.95, 50.9, 50.9, 50.9, 50.9, 49.15, 49.15, 49.15, 49.15, 46.99, 46.99, 46.99, 46.99, 45.74, 45.74, 45.74, 45.74, 46.82, 46.82, 46.82, 46.82, 49.77, 49.77, 49.77, 49.77, 54.96, 54.96, 54.96, 54.96, 60.2, 60.2, 60.2, 60.2, 54.19, 54.19, 54.19, 54.19, 51.18, 51.18, 51.18, 51.18, 46.41, 46.41, 46.41, 46.41, 37.58, 37.58, 37.58, 37.58, 34.72, 34.72, 34.72, 34.72, 34.31, 34.31, 34.31, 34.31]}, "Scenario-demand1_spot7": {"prob": 0.2551440329218107, "demand_data": [0.2974, 0.4461, 0.5502, 0.461, 0.4015, 0.3717, 0.3271, 0.3271, 0.4015, 0.4312, 0.4461, 0.4907, 0.4164, 0.1636, 0.2231, 0.2231, 0.1338, 0.0297, 0.1041, 0.2082, 0.1784, 0.119, 0.119, 0.0, 0.0149, 0.0892, 0.1636, 0.8625, 0.5948, 0.1192, -0.0442, -0.1332, -0.1628, -0.3005, -0.3936, -0.2785, -0.223, -0.1322, -0.2793, -0.3224, -0.3208, -0.3674, -0.4437, 3.0487, 2.1545, 2.0722, 2.1535, 0.8518, -0.4796, -0.4045, -0.374, -0.2096, -0.0602, 0.0243, -0.0102, 0.0297, 0.2183, 0.2666, 0.2256, 0.3928, 0.5898, 0.5725, 0.5997, 0.6865, 0.6394, 0.7286, 0.6691, 0.9071, 0.9219, 0.8773, 1.2342, 0.7584, 1.145, 0.9071, 1.1152, 1.4126, 1.3383, 1.3234, 2.0223, 1.2937, 1.5167, 1.3234, 1.2342, 1.1301, 1.5762, 1.4721, 1.1747, 1.3532, 1.3234, 1.0855, 1.026, 0.9814, 0.9814, 0.5799, 1.1599, 0.8178], "spot_price_data": [27.95, 27.95, 27.95, 27.95, 27.9, 27.9, 27.9, 27.9, 27.99, 27.99, 27.99, 27.99, 28.87, 28.87, 28.87, 28.87, 31.9, 31.9, 31.9, 31.9, 42.55, 42.55, 42.55, 42.55, 48.37, 48.37, 48.37, 48.37, 50.31, 50.31, 50.31, 50.31, 50.08, 50.08, 50.08, 50.08, 47.27, 47.27, 47.27, 47.27, 44.14, 44.14, 44.14, 44.14, 38.81, 38.81, 38.81, 38.81, 35.72, 35.72, 35.72, 35.72, 34.46, 34.46, 34.46, 34.46, 33.94, 33.94, 33.94, 33.94, 36.79, 36.79, 36.79, 36.79, 44.8, 44.8, 44.8, 44.8, 46.54, 46.54, 46.54, 46.54, 48.36, 48.36, 48.36, 48.36, 47.49, 47.49, 47.49, 47.49, 35.14, 35.14, 35.14, 35.14, 34.0, 34.0, 34.0, 34.0, 30.07, 30.07, 30.07, 30.07, 26.5, 26.5, 26.5, 26.5]}, "Scenario-demand1_spot6": {"prob": 0.04252400548696845, "demand_data": [0.2974, 0.4461, 0.5502, 0.461, 0.4015, 0.3717, 0.3271, 0.3271, 0.4015, 0.4312, 0.4461, 0.4907, 0.4164, 0.1636, 0.2231, 0.2231, 0.1338, 0.0297, 0.1041, 0.2082, 0.1784, 0.119, 0.119, 0.0, 0.0149, 0.0892, 0.1636, 0.8625, 0.5948, 0.1192, -0.0442, -0.1332, -0.1628, -0.3005, -0.3936, -0.2785, -0.223, -0.1322, -0.2793, -0.3224, -0.3208, -0.3674, -0.4437, 3.0487, 2.1545, 2.0722, 2.1535, 0.8518, -0.4796, -0.4045, -0.374, -0.2096, -0.0602, 0.0243, -0.0102, 0.0297, 0.2183, 0.2666, 0.2256, 0.3928, 0.5898, 0.5725, 0.5997, 0.6865, 0.6394, 0.7286, 0.6691, 0.9071, 0.9219, 0.8773, 1.2342, 0.7584, 1.145, 0.9071, 1.1152, 1.4126, 1.3383, 1.3234, 2.0223, 1.2937, 1.5167, 1.3234, 1.2342, 1.1301, 1.5762, 1.4721, 1.1747, 1.3532, 1.3234, 1.0855, 1.026, 0.9814, 0.9814, 0.5799, 1.1599, 0.8178], "spot_price_data": [32.92, 32.92, 32.92, 32.92, 31.8, 31.8, 31.8, 31.8, 31.55, 31.55, 31.55, 31.55, 32.12, 32.12, 32.12, 32.12, 34.9, 34.9, 34.9, 34.9, 46.21, 46.21, 46.21, 46.21, 50.29, 50.29, 50.29, 50.29, 51.51, 51.51, 51.51, 51.51, 50.38, 50.38, 50.38, 50.38, 48.69, 48.69, 48.69, 48.69, 46.32, 46.32, 46.32, 46.32, 42.4, 42.4, 42.4, 42.4, 37.93, 37.93, 37.93, 37.93, 36.8, 36.8, 36.8, 36.8, 36.47, 36.47, 36.47, 36.47, 35.35, 35.35, 35.35, 35.35, 41.22, 41.22, 41.22, 41.22, 45.0, 45.0, 45.0, 45.0, 39.0, 39.0, 39.0, 39.0, 36.59, 36.59, 36.59, 36.59, 33.14, 33.14, 33.14, 33.14, 30.61, 30.61, 30.61, 30.61, 30.29, 30.29, 30.29, 30.29, 29.05, 29.05, 29.05, 29.05]}, "Scenario-demand1_spot4": {"prob": 0.0850480109739369,