{"has_storage": true, "storage_rate": 0.2, "storage_size": 10.0, "max_energy_flow": 2.0, "max_soc": 10.0, "min_soc": 1.0, "bilateral_price": 0.038, "bilateral_max": 10.0, "node_id": 33, "load_kw": 4, "gen_kw": 1.0, "scenarios": {"Scenario-demand0_spot7": {"prob": 0.3539094650205762, "demand_data": [0.2974, 0.4461, 0.5502, 0.461, 0.4015, 0.3717, 0.3271, 0.3271, 0.4015, 0.4312, 0.4461, 0.4907, 0.4164, 0.1636, 0.2231, 0.2231, 0.1338, 0.0297, 0.1041, 0.2082, 0.1784, 0.119, 0.119, 0.0, 0.0149, 0.0892, 0.1636, 0.8625, 0.5948, 0.1192, -0.0442, -0.1332, -0.1628, -0.3005, -0.3936, -0.2785, -0.223, -0.1322, -0.2793, -0.3224, -0.3208, -0.3674, -0.4437, 3.0487, 2.1545, 2.0722, 2.1535, 0.8518, -0.4796, -0.4045, -0.374, -0.2096, -0.0602, 0.0243, -0.0102, 0.0297, 0.2183, 0.2666, 0.2256, 0.3928, 0.5898, 0.5725, 0.5997, 0.6865, 0.6394, 0.7286, 0.6691, 0.9071, 0.9219, 0.8773, 1.2342, 0.7584, 1.145, 0.9071, 1.1152, 1.4126, 1.3383, 1.3234, 2.0223, 1.2937, 1.5167, 1.3234, 1.2342, 1.1301, 1.5762, 1.4721, 1.1747, 1.3532, 1.3234, 1.0855, 1.026, 0.9814, 0.9814, 0.5799, 1.1599, 0.8178], "spot_price_data": [0.028, 0.028, 0.028, 0.028, 0.0279, 0.0279, 0.0279, 0.0279, 0.028, 0.028, 0.028, 0.028, 0.0289, 0.0289, 0.0289, 0.0289, 0.0319, 0.0319, 0.0319, 0.0319, 0.0426, 0.0426, 0.0426, 0.0426, 0.0484, 0.0484, 0.0484, 0.0484, 0.0503, 0.0503, 0.0503, 0.0503, 0.0501, 0.0501, 0.0501, 0.0501, 0.0473, 0.0473, 0.0473, 0.0473, 0.0441, 0.0441, 0.0441, 0.0441, 0.0388, 0.0388, 0.0388, 0.0388, 0.0357, 0.0357, 0.0357, 0.0357, 0.0345, 0.0345, 0.0345, 0.0345, 0.0339, 0.0339, 0.0339, 0.0339, 0.0368, 0.0368, 0.0368, 0.0368, 0.0448, 0.0448, 0.0448, 0.0448, 0.0465, 0.0465, 0.0465, 0.0465, 0.0484, 0.0484, 0.0484, 0.0484, 0.0475, 0.0475, 0.0475, 0.0475, 0.0351, 0.0351, 0.0351, 0.0351, 0.034, 0.034, 0.034, 0.034, 0.0301, 0.0301, 0.0301, 0.0301, 0.0265, 0.0265, 0.0265, 0.0265]}, "Scenario-demand0_spot6": {"prob": 0.05898491083676269, "demand_data": [0.2974, 0.4461, 0.5502, 0.461, 0.4015, 0.3717, 0.3271, 0.3271, 0.4015, 0.4312, 0.4461, 0.4907, 0.4164, 0.1636, 0.2231, 0.2231, 0.1338, 0.0297, 0.1041, 0.2082, 0.1784, 0.119, 0.119, 0.0, 0.0149, 0.0892, 0.1636, 0.8625, 0.5948, 0.1192, -0.0442, -0.1332, -0.1628, -0.3005, -0.3936, -0.2785, -0.223, -0.1322, -0.2793, -0.3224, -0.3208, -0.3674, -0.4437, 3.0487, 2.1545, 2.0722, 2.1535, 0.8518, -0.4796, -0.4045, -0.374, -0.2096, -0.0602, 0.0243, -0.0102, 0.0297, 0.2183, 0.2666, 0.2256, 0.3928, 0.5898, 0.5725, 0.5997, 0.6865, 0.6394, 0.7286, 0.6691, 0.9071, 0.9219, 0.8773, 1.2342, 0.7584, 1.145, 0.9071, 1.1152, 1.4126, 1.3383, 1.3234, 2.0223, 1.2937, 1.5167, 1.3234, 1.2342, 1.1301, 1.5762, 1.4721, 1.1747, 1.3532, 1.3234, 1.0855, 1.026, 0.9814, 0.9814, 0.5799, 1.1599, 0.8178], "spot_price_data": [0.0329, 0.0329, 0.0329, 0.0329, 0.0318, 0.0318, 0.0318, 0.0318, 0.0316, 0.0316, 0.0316, 0.0316, 0.0321, 0.0321, 0.0321, 0.0321, 0.0349, 0.0349, 0.0349, 0.0349, 0.0462, 0.0462, 0.0462, 0.0462, 0.0503, 0.0503, 0.0503, 0.0503, 0.0515, 0.0515, 0.0515, 0.0515, 0.0504, 0.0504, 0.0504, 0.0504, 0.0487, 0.0487, 0.0487, 0.0487, 0.0463, 0.0463, 0.0463, 0.0463, 0.0424, 0.0424, 0.0424, 0.0424, 0.0379, 0.0379, 0.0379, 0.0379, 0.0368, 0.0368, 0.0368, 0.0368, 0.0365, 0.0365, 0.0365, 0.0365, 0.0354, 0.0354, 0.0354, 0.0354, 0.0412, 0.0412, 0.0412, 0.0412, 0.045, 0.045, 0.045, 0.045, 0.039, 0.039, 0.039, 0.039, 0.0366, 0.0366, 0.0366, 0.0366, 0.0331, 0.0331, 0.0331, 0.0331, 0.0306, 0.0306, 0.0306, 0.0306, 0.0303, 0.0303, 0.0303, 0.0303, 0.029, 0.029, 0.029, 0.029]}, "Scenario-demand0_spot4": {"prob": 0.11796982167352538, "demand_data": [0.2974, 0.4461, 0.5502, 0.461, 0.4015, 0.3717, 0.3271, 0.3271, 0.4015, 0.4312, 0.4461, 0.4907, 0.4164, 0.1636, 0.2231, 0.2231, 0.1338, 0.0297, 0.1041, 0.2082, 0.1784, 0.119, 0.119, 0.0, 0.0149, 0.0892, 0.1636, 0.8625, 0.5948, 0.1192, -0.0442, -0.1332, -0.1628, -0.3005, -0.3936, -0.2785, -0.223, -0.1322, -0.2793, -0.3224, -0.3208, -0.3674, -0.4437, 3.0487, 2.1545, 2.0722, 2.1535, 0.8518, -0.4796, -0.4045, -0.374, -0.2096, -0.0602, 0.0243, -0.0102, 0.0297, 0.2183, 0.2666, 0.2256, 0.3928, 0.5898, 0.5725, 0.5997, 0.6865, 0.6394, 0.7286, 0.6691, 0.9071, 0.9219, 0.8773, 1.2342, 0.7584, 1.145, 0.9071, 1.1152, 1.4126, 1.3383, 1.3234, 2.0223, 1.2937, 1.5167, 1.3234, 1.2342, 1.1301, 1.5762, 1.4721, 1.1747, 1.3532, 1.3234, 1.0855, 1.026, 0.9814, 0.9814, 0.5799, 1.1599, 0.8178], "spot_price_data": [0.0354, 0.0354, 0.0354, 0.0354, 0.0352, 0.0352, 0.0352, 0.0352, 0.0354, 0.0354, 0.0354, 0.0354, 0.0363, 0.0363, 0.0363, 0.0363, 0.039, 0.039, 0.039, 0.039, 0.056, 0.056, 0.056, 0.056, 0.0652, 0.0652, 0.0652, 0.0652, 0.0652, 0.0652, 0.0652, 0.0652, 0.053, 0.053, 0.053, 0.053, 0.053, 0.053, 0.053, 0.053, 0.0509, 0.0509, 0.0509, 0.0509, 0.0492, 0.0492, 0.0492, 0.0492, 0.047, 0.047, 0.047, 0.047, 0.0457, 0.0457, 0.0457, 0.0457, 0.0468, 0.0468, 0.0468, 0.0468, 0.0498, 0.0498, 0.0498, 0.0498, 0.055, 0.055, 0.055, 0.055, 0.0602, 0.0602, 0.0602, 0.0602, 0.0542, 0.0542, 0.0542, 0.0542, 0.0512, 0.0512, 0.0512, 0.0512, 0.0464, 0.0464, 0.0464, 0.0464, 0.0376, 0.0376, 0.0376, 0.0376, 0.0347, 0.0347, 0.0347, 0.0347, 0.0343, 0.0343, 0.0343, 0.0343]}, "Scenario-demand1_spot7": {"prob": 0.2551440329218107, "demand_data": [0.2974, 0.4461, 0.5502, 0.461, 0.4015, 0.3717, 0.3271, 0.3271, 0.4015, 0.4312, 0.4461, 0.4907, 0.4164, 0.1636, 0.2231, 0.2231, 0.1338, 0.0297, 0.1041, 0.2082, 0.1784, 0.119, 0.119, 0.0, 0.0149, 0.0892, 0.1636, 0.8625, 0.5948, 0.1192, -0.0442, -0.1332, -0.1628, -0.3005, -0.3936, -0.2785, -0.223, -0.1322, -0.2793, -0.3224, -0.3208, -0.3674, -0.4437, 3.0487, 2.1545, 2.0722, 2.1535, 0.8518, -0.4796, -0.4045, -0.374, -0.2096, -0.0602, 0.0243, -0.0102, 0.0297, 0.2183, 0.2666, 0.2256, 0.3928, 0.5898, 0.5725, 0.5997, 0.6865, 0.6394, 0.7286, 0.6691, 0.9071, 0.9219, 0.8773, 1.2342, 0.7584, 1.145, 0.9071, 1.1152, 1.4126, 1.3383, 1.3234, 2.0223, 1.2937, 1.5167, 1.3234, 1.2342, 1.1301, 1.5762, 1.4721, 1.1747, 1.3532, 1.3234, 1.0855, 1.026, 0.9814, 0.9814, 0.5799, 1.1599, 0.8178], "spot_price_data": [0.028, 0.028, 0.028, 0.028, 0.0279, 0.0279, 0.0279, 0.0279, 0.028, 0.028, 0.028, 0.028, 0.0289, 0.0289, 0.0289, 0.0289, 0.0319, 0.0319, 0.0319, 0.0319, 0.0426, 0.0426, 0.0426, 0.0426, 0.0484, 0.0484, 0.0484, 0.0484, 0.0503, 0.0503, 0.0503, 0.0503, 0.0501, 0.0501, 0.0501, 0.0501, 0.0473, 0.0473, 0.0473, 0.0473, 0.0441, 0.0441, 0.0441, 0.0441, 0.0388, 0.0388, 0.0388, 0.0388, 0.0357, 0.0357, 0.0357, 0.0357, 0.0345, 0.0345, 0.0345, 0.0345, 0.0339, 0.0339, 0.0339, 0.0339, 0.0368, 0.0368, 0.0368, 0.0368, 0.0448, 0.0448, 0.0448, 0.0448, 0.0465, 0.0465, 0.0465, 0.0465, 0.0484, 0.0484, 0.0484, 0.0484, 0.0475, 0.0475, 0.0475, 0.0475, 0.0351, 0.0351, 0.0351, 0.0351, 0.034, 0.034, 0.034, 0.034, 0.0301, 0.0301, 0.0301, 0.0301, 0.0265, 0.0265, 0.0265, 0.0265]}, "Scenario-demand1_spot6": {"prob": 0.04252400548696845, "demand_data": [0.2974, 0.4461, 0.5502, 0.461, 0.4015, 0.3717, 0.3271, 0.3271, 0.4015, 0.4312, 0.4461, 0.4907, 0.4164, 0.1636, 0.2231, 0.2231, 0.1338, 0.0297, 0.1041, 0.2082, 0.1784, 0.119, 0.119, 0.0, 0.0149, 0.0892, 0.1636, 0.8625, 0.5948, 0.1192, -0.0442, -0.1332, -0.1628, -0.3005, -0.3936, -0.2785, -0.223, -0.1322, -0.2793, -0.3224, -0.3208, -0.3674, -0.4437, 3.0487, 2.1545, 2.0722, 2.1535, 0.8518, -0.4796, -0.4045, -0.374, -0.2096, -0.0602, 0.0243, -0.0102, 0.0297, 0.2183, 0.2666, 0.2256, 0.3928, 0.5898, 0.5725, 0.5997, 0.6865, 0.6394, 0.7286, 0.6691, 0.9071, 0.9219, 0.8773, 1.2342, 0.7584, 1.145, 0.9071, 1.1152, 1.4126, 1.3383, 1.3234, 2.0223, 1.2937, 1.5167, 1.3234, 1.2342, 1.1301, 1.5762, 1.4721, 1.1747, 1.3532, 1.3234, 1.0855, 1.026, 0.9814, 0.9814, 0.5799, 1.1599, 0.8178],